Donation Date, Donation Amount ,Profile Id
6/21/17, $250.00 ,2846
1/8/18, $250.00 ,2846
12/10/18, $250.00 ,2846
12/9/19, $500.00 ,2846
1/11/22, $250.00 ,2846
5/15/18, $50.00 ,15079
11/19/18, $100.00 ,15079
7/25/18, $100.00 ,6051
1/14/19, $100.00 ,6051
12/29/20, $100.00 ,6051
12/11/21, $100.00 ,6051
1/27/17," $1,500.00 ",14378
7/3/18, $100.00 ,14398
12/17/19, $100.00 ,14398
11/30/20, $100.00 ,14398
12/28/21, $100.00 ,14398
12/13/22, $100.00 ,14398
1/6/20," $2,500.00 ",10748
10/21/20," $2,500.00 ",10748
1/13/23," $1,000.00 ",10748
7/6/20," $2,500.00 ",33566
7/6/20, $81.31 ,33566
11/30/21, $50.00 ,39770
11/26/18, $200.00 ,11823
2/13/20, $100.00 ,11823
12/14/21, $250.00 ,11823
1/5/18, $500.00 ,11744
11/5/18, $25.00 ,11744
7/29/19, $500.00 ,11744
5/24/22," $2,500.00 ",43382
11/29/22, $15.00 ,29905
5/9/18, $250.00 ,8372
5/13/19, $250.00 ,8372
10/14/20, $300.00 ,8372
11/16/21, $300.00 ,8372
8/14/18, $40.00 ,15516
11/28/22, $100.00 ,31522
2/6/17, $13.12 ,13500
5/11/17, $17.80 ,13500
8/17/17, $17.27 ,13500
12/20/17, $13.35 ,13500
2/12/18, $7.20 ,13500
5/17/18, $9.25 ,13500
6/26/18, $9.25 ,13500
8/13/18, $14.34 ,13500
10/29/18, $12.24 ,13500
2/15/19, $32.14 ,13500
5/9/19, $13.96 ,13500
8/9/19, $11.33 ,13500
11/12/19, $14.15 ,13500
2/19/20, $22.83 ,13500
5/20/20, $16.70 ,13500
8/12/20, $20.59 ,13500
11/10/20, $13.98 ,13500
2/22/21, $17.21 ,13500
5/24/21, $11.09 ,13500
8/16/21, $10.25 ,13500
11/22/21, $7.46 ,13500
3/2/22, $17.88 ,13500
5/27/22, $6.75 ,13500
11/21/22, $15.58 ,13500
2/10/23, $14.36 ,13500
7/8/19, $50.00 ,19538
12/16/19, $100.00 ,14668
3/10/20," $1,000.00 ",11602
12/31/21, $250.00 ,49452
12/29/22, $250.00 ,49452
11/30/18, $150.00 ,47955
12/7/20, $150.00 ,47955
11/23/21, $150.00 ,47955
5/9/17," $1,000.00 ",44216
6/12/18," $1,000.00 ",44216
5/8/19, $50.00 ,13136
2/27/20, $80.00 ,13136
5/16/21, $100.00 ,42509
5/16/21, $3.25 ,42509
3/11/22," $10,000.00 ",51424
4/20/20," $15,000.00 ",29048
1/12/21," $10,000.00 ",29048
12/28/21," $5,000.00 ",29048
10/10/21, $250.00 ,36981
12/31/22, $250.00 ,36981
11/28/17, $250.00 ,12084
11/19/18, $250.00 ,12084
12/11/19, $250.00 ,12084
10/26/20, $250.00 ,12084
12/31/21, $500.00 ,12084
12/30/22, $250.00 ,12084
12/28/17, $250.00 ,1406
6/21/17," $2,500.00 ",11554
5/14/18," $2,500.00 ",11554
5/7/19," $2,500.00 ",11554
12/9/19, $500.00 ,11554
5/15/20," $2,500.00 ",11554
10/16/20, $500.00 ,11554
11/19/21," $2,500.00 ",11554
5/27/22, $500.00 ,11554
12/12/17, $50.00 ,10607
12/3/18, $50.00 ,10607
11/26/19, $50.00 ,10607
10/22/20, $50.00 ,10607
1/14/22, $100.00 ,10607
12/30/22, $100.00 ,10607
5/8/19, $100.00 ,12724
12/16/19, $25.00 ,12724
10/16/20, $100.00 ,12724
11/5/21, $150.00 ,12724
5/9/17, $100.00 ,24492
12/28/17, $100.00 ,24492
1/8/20, $100.00 ,24492
12/28/20, $100.00 ,24492
4/9/20," $1,000.00 ",11965
6/11/21, $500.00 ,11965
10/5/17, $100.00 ,15952
10/16/20, $100.00 ,15952
10/16/20, $3.25 ,15952
12/31/17, $500.00 ,12438
12/2/19, $257.73 ,12438
12/30/20, $250.00 ,12438
12/30/20, $8.13 ,12438
5/15/19, $500.00 ,13323
11/15/17, $200.00 ,16597
4/26/18, $200.00 ,16597
8/28/18, $40.00 ,16597
5/6/19, $200.00 ,16597
11/21/20, $50.00 ,16597
11/11/21, $50.00 ,16597
12/5/22, $50.00 ,16597
12/21/22, $500.00 ,24227
12/26/17," $1,000.00 ",11223
7/30/18, $500.00 ,11223
12/27/18, $750.00 ,11223
1/10/20," $1,000.00 ",11223
12/8/20," $1,000.00 ",11223
12/18/21," $1,500.00 ",11223
12/21/22," $1,500.00 ",11223
12/12/17," $2,500.00 ",12947
12/4/18," $1,500.00 ",12947
12/10/19," $1,250.00 ",12947
1/8/21," $1,250.00 ",12947
12/7/21," $2,000.00 ",12947
12/6/22," $2,000.00 ",12947
8/30/18, $40.00 ,12823
12/16/20," $2,500.00 ",38659
6/7/22," $2,500.00 ",38659
12/2/19, $100.00 ,17625
12/28/21, $50.00 ,17625
5/17/18," $1,000.00 ",16693
8/15/18, $20.00 ,16693
9/30/20, $5.00 ,16693
9/30/20, $0.16 ,16693
11/20/20, $500.00 ,16693
11/20/20, $16.26 ,16693
11/2/21, $5.00 ,16693
11/2/21, $10.00 ,16693
12/20/21," $1,000.00 ",16693
5/26/17, $100.00 ,14489
5/11/18, $100.00 ,14489
11/29/22, $500.00 ,12718
12/28/17, $100.00 ,1406
12/28/17, $425.00 ,13526
12/31/18, $100.00 ,17031
6/10/19, $40.00 ,18945
8/23/19, $180.00 ,13526
9/17/19, $500.00 ,17031
10/15/19, $150.00 ,17031
4/2/20, $300.00 ,17031
5/5/20, $100.00 ,17031
5/21/20, $51.63 ,17031
5/29/20, $121.50 ,17031
5/29/20," $3,000.00 ",17031
11/30/20, $1.40 ,17031
3/1/21, $150.00 ,17031
12/17/21, $250.00 ,17031
2/18/22, $25.00 ,17031
2/18/22, $96.93 ,17031
12/31/17, $75.00 ,16321
12/31/18, $100.00 ,16321
12/30/19, $100.00 ,16321
12/30/19, $3.25 ,16321
12/31/20, $100.00 ,16321
12/31/20, $3.25 ,16321
12/31/21, $100.00 ,16321
12/31/22, $100.00 ,16321
12/12/17," $1,000.00 ",10707
12/7/18, $500.00 ,10707
12/17/19," $1,000.00 ",10707
12/17/20," $1,000.00 ",10707
12/17/21," $1,000.00 ",10707
2/15/23," $1,000.00 ",10707
11/9/21, $300.00 ,10274
11/22/19," $1,000.00 ",21487
11/29/20," $1,000.00 ",21487
1/3/22," $1,500.00 ",21487
12/31/18, $95.00 ,17405
12/5/22, $300.00 ,59209
8/14/18, $20.00 ,17154
12/11/19, $500.00 ,16891
12/27/17, $75.00 ,10418
7/14/17, $500.00 ,13622
5/14/20, $250.00 ,11532
5/14/20, $8.13 ,11532
11/30/21, $250.00 ,11532
11/26/22, $300.00 ,11532
1/3/17, $100.00 ,10467
8/17/17, $250.00 ,11492
12/17/18, $250.00 ,11492
11/24/20, $200.00 ,17605
11/24/20, $6.50 ,17605
4/25/18, $250.00 ,11569
12/17/19, $350.00 ,11569
5/17/21, $200.00 ,11569
11/21/17, $200.00 ,12967
8/14/18, $20.00 ,12967
12/10/18, $100.00 ,12967
11/23/21, $100.00 ,12967
3/1/23,100,12967
5/26/17," $1,000.00 ",11754
6/15/18," $1,000.00 ",11754
7/8/18, $40.00 ,11754
12/13/22, $100.00 ,11754
5/31/19, $100.00 ,16367
11/19/18, $100.00 ,12640
5/11/18, $100.00 ,11212
11/19/18, $100.00 ,11212
12/11/19, $200.00 ,11212
11/18/20, $100.00 ,11212
4/24/20, $30.00 ,37069
4/24/20, $0.98 ,37069
10/21/20, $50.00 ,37069
11/27/21, $30.00 ,37069
10/26/20," $1,000.00 ",37990
11/23/21," $1,000.00 ",37990
12/17/19, $250.00 ,8094
1/3/17, $100.00 ,4161
12/13/17, $250.00 ,4775
5/15/19, $50.00 ,4775
5/15/17," $1,000.00 ",13721
12/27/19, $100.00 ,21188
12/29/19, $250.00 ,21188
5/3/21, $500.00 ,21188
5/3/21, $16.26 ,21188
12/27/17, $250.00 ,16527
12/3/19, $25.00 ,23202
6/5/19, $230.00 ,18928
7/8/18, $20.00 ,9955
8/27/18, $40.00 ,9955
7/9/20," $1,000.00 ",15153
4/19/21," $1,000.00 ",10721
12/13/22," $25,000.00 ",12872
2/5/18, $250.00 ,13303
11/21/17, $250.00 ,12763
5/28/19, $100.00 ,12763
11/26/19, $250.00 ,12763
10/16/20, $100.00 ,12763
12/31/21, $100.00 ,12763
2/1/23, $250.00 ,12763
12/23/20," $1,000.00 ",34634
12/23/20, $32.52 ,34634
11/27/21," $1,500.00 ",34634
11/29/22," $2,000.00 ",34634
12/13/19," $1,000.00 ",14016
8/11/20," $1,500.00 ",14016
8/19/21," $1,500.00 ",14016
1/4/23," $1,500.00 ",14016
10/4/17," $1,000.00 ",15948
6/29/19," $1,000.00 ",15948
1/27/20," $1,000.00 ",15948
12/4/18, $100.00 ,15781
12/28/17," $2,500.00 ",14891
12/31/18," $2,500.00 ",14891
12/30/19," $2,500.00 ",14891
12/30/20," $5,000.00 ",14891
12/27/21," $5,000.00 ",14891
12/15/22," $4,500.00 ",14891
1/24/17," $1,000.00 ",10064
9/25/17," $2,500.00 ",10064
10/23/17," $2,500.00 ",10064
6/25/18," $2,500.00 ",10064
7/31/18," $2,500.00 ",10064
8/16/18, $40.00 ,10064
6/25/19," $2,500.00 ",10064
8/23/19," $2,500.00 ",10064
4/13/20," $2,500.00 ",10064
4/30/20," $2,500.00 ",10064
6/11/20," $1,500.00 ",10064
7/21/20," $1,500.00 ",10064
10/31/20, $16.26 ,10064
11/19/20," $2,500.00 ",10064
11/24/20," $2,500.00 ",10064
5/17/21," $2,500.00 ",10064
5/18/21," $2,500.00 ",10064
11/16/21," $2,500.00 ",10064
12/28/21," $2,500.00 ",10064
5/27/22," $2,500.00 ",10064
7/29/22," $2,500.00 ",10064
11/18/22," $2,500.00 ",10064
12/21/22," $2,500.00 ",10064
12/18/18, $100.00 ,17639
12/27/19, $100.00 ,17639
10/16/20, $100.00 ,17639
11/27/21, $100.00 ,17639
1/24/23, $100.00 ,17639
12/12/20, $500.00 ,17608
12/12/20, $16.26 ,17608
1/17/22, $100.00 ,49935
6/30/17, $100.00 ,4243
11/17/17, $250.00 ,4243
8/28/18, $20.00 ,4243
5/13/19, $250.00 ,4243
6/10/21, $50.00 ,4243
12/26/17, $200.00 ,12150
12/4/18, $200.00 ,12150
12/18/18, $200.00 ,12150
12/7/19, $250.00 ,12150
12/14/20, $250.00 ,12150
7/4/22, $500.00 ,16480
12/21/21, $50.00 ,48949
11/28/17, $250.00 ,10330
1/3/18, $500.00 ,10330
8/14/18, $20.00 ,10330
5/28/19, $500.00 ,10330
8/25/20, $500.00 ,10330
7/8/21, $500.00 ,10330
6/7/19, $100.00 ,6635
12/19/18, $500.00 ,13194
11/14/17," $1,000.00 ",13008
7/30/18," $2,500.00 ",13008
12/11/19," $5,000.00 ",13008
12/7/20," $2,500.00 ",13008
2/17/21, $40.00 ,32083
5/25/22, $50.00 ,32083
12/19/19," $10,000.00 ",21158
2/28/18, $50.00 ,15044
6/18/20," $1,000.00 ",32752
6/10/21," $1,000.00 ",32752
12/31/21, $50.00 ,27565
12/30/22, $50.00 ,27565
12/17/19, $100.00 ,23868
5/27/22, $175.00 ,23868
3/13/18," $2,000.00 ",13196
5/23/19," $4,100.00 ",13196
1/6/21," $3,500.00 ",13196
11/1/22," $3,500.00 ",13196
12/9/22," $2,850.00 ",13196
5/17/17, $100.00 ,13553
12/3/18, $50.00 ,48189
11/18/20, $50.00 ,48189
11/30/21, $50.00 ,48189
12/2/22, $200.00 ,59075
12/20/17, $50.00 ,12831
12/24/18, $50.00 ,12831
12/16/19, $50.00 ,12831
11/16/18, $500.00 ,11738
11/25/19, $250.00 ,11738
4/23/21, $250.00 ,11738
6/28/19, $250.00 ,19375
8/27/18, $20.00 ,12920
12/20/17, $200.00 ,11488
8/28/18, $20.00 ,11488
11/19/18," $1,000.00 ",11488
1/6/20," $1,000.00 ",11488
10/5/21," $1,000.00 ",11488
6/23/22, $200.00 ,4891
12/27/18, $100.00 ,15075
11/4/20, $100.00 ,15075
11/21/17, $200.00 ,10478
11/19/18, $100.00 ,10478
10/10/19, $100.00 ,10478
11/30/20, $100.00 ,10478
12/4/18, $500.00 ,16032
2/8/23, $50.00 ,61288
11/22/17, $20.00 ,10443
9/7/18, $365.00 ,10443
12/27/19, $100.00 ,10795
12/28/20, $100.00 ,10795
12/31/21, $100.00 ,10795
1/20/23, $100.00 ,10795
12/12/17, $100.00 ,13616
9/7/18, $40.00 ,18935
5/21/19, $100.00 ,18935
12/30/22, $550.00 ,18935
11/28/17, $100.00 ,12694
12/7/18, $250.00 ,12694
7/16/19, $250.00 ,12694
11/15/19, $250.00 ,12694
12/31/21," $1,000.00 ",12694
12/13/22," $1,000.00 ",12694
12/22/17, $500.00 ,16324
12/17/18, $500.00 ,16324
11/15/19, $500.00 ,16324
11/29/20, $300.00 ,16324
11/29/20, $9.76 ,16324
11/23/21, $500.00 ,16324
11/29/22, $500.00 ,16324
10/26/20, $100.00 ,21685
5/11/21, $200.00 ,21685
12/2/22, $200.00 ,21685
11/17/17, $50.00 ,12108
4/5/20, $500.00 ,27834
4/5/20, $16.26 ,27834
6/4/20, $25.00 ,31784
6/4/20, $0.81 ,31784
11/30/21, $250.00 ,48648
12/28/18, $250.00 ,12644
12/17/19, $250.00 ,12644
12/7/20," $1,000.00 ",12644
12/14/21," $1,000.00 ",12644
1/5/23, $500.00 ,12644
6/30/17, $250.00 ,12564
5/25/18, $100.00 ,12564
12/29/18, $250.00 ,12564
12/5/19, $500.00 ,12564
12/5/19, $16.26 ,12564
12/28/21, $500.00 ,12564
12/21/22," $1,000.00 ",12564
12/10/17, $500.00 ,14766
6/20/19, $500.00 ,14766
2/10/17, $100.00 ,10457
12/12/17, $100.00 ,10457
6/7/19, $100.00 ,10457
12/16/19, $100.00 ,10457
1/25/22, $50.00 ,10457
12/26/17, $750.00 ,13983
12/28/18," $1,500.00 ",13983
12/16/19," $1,000.00 ",13983
12/16/20," $1,000.00 ",13983
12/10/21," $1,000.00 ",13983
12/9/22," $1,000.00 ",13983
12/30/18, $100.00 ,17897
3/1/20, $103.00 ,17897
11/23/20, $200.00 ,17897
11/23/20, $6.50 ,17897
3/1/21, $206.50 ,17897
12/2/21, $250.00 ,17897
3/25/22, $456.50 ,17897
12/4/18, $500.00 ,11684
4/8/20, $500.00 ,11684
11/11/20, $500.00 ,11684
11/30/21, $500.00 ,11684
12/6/22, $500.00 ,11684
6/28/19, $750.00 ,16143
6/30/17, $250.00 ,44200
11/21/19, $250.00 ,44200
10/22/20, $250.00 ,44200
12/30/21, $250.00 ,44200
12/31/22, $250.00 ,44200
11/2/20, $500.00 ,14035
6/1/18, $500.00 ,13099
12/1/20, $100.00 ,38196
12/1/20, $3.25 ,38196
12/31/21," $1,000.00 ",38196
12/3/22, $500.00 ,52772
1/8/20," $3,000.00 ",17941
6/30/22," $5,000.00 ",17941
12/19/19," $5,000.00 ",11831
6/19/17, $250.00 ,23180
9/4/18, $450.00 ,23180
12/31/21, $500.00 ,23180
12/31/17, $100.00 ,12543
6/5/18, $100.00 ,12543
8/14/18, $20.00 ,15396
8/14/18, $40.00 ,11815
4/28/21," $1,000.00 ",11815
10/7/21," $2,000.00 ",11815
10/26/22," $1,000.00 ",11815
11/28/17," $10,000.00 ",44186
8/3/18," $3,000.00 ",44186
8/19/18, $50.00 ,44186
10/1/18," $10,000.00 ",44186
12/10/19," $10,000.00 ",44186
10/5/20," $10,000.00 ",44186
8/13/21," $10,000.00 ",44186
8/26/22," $10,000.00 ",44186
12/17/19," $1,000.00 ",9717
10/14/20," $1,000.00 ",9717
8/19/21," $1,000.00 ",9717
12/31/18, $300.00 ,10813
7/18/19, $300.00 ,10813
4/22/20, $250.00 ,10813
10/15/20, $500.00 ,10813
10/6/21, $300.00 ,10813
12/27/22, $250.00 ,10813
8/25/18, $20.00 ,10838
11/30/20, $100.00 ,10838
12/10/21, $100.00 ,10838
1/20/23, $100.00 ,10838
6/30/17, $100.00 ,24261
5/21/18, $100.00 ,24261
12/27/18, $100.00 ,24261
12/21/20, $100.00 ,24261
12/24/21, $125.00 ,24261
11/21/17, $250.00 ,12804
6/12/19, $250.00 ,12804
5/11/18, $100.00 ,15358
12/31/18, $100.00 ,15358
12/31/21, $100.00 ,15358
12/26/17, $100.00 ,6291
10/31/22, $50.00 ,8222
11/2/18," $10,000.00 ",12827
5/15/17, $100.00 ,10597
5/9/18, $100.00 ,10597
11/16/18, $100.00 ,10597
11/18/19, $100.00 ,10597
10/16/20, $100.00 ,10597
6/30/17, $500.00 ,5770
10/4/17, $500.00 ,5770
2/16/18, $450.00 ,5770
5/11/18," $1,000.00 ",5770
10/5/18, $500.00 ,5770
11/28/18, $500.00 ,5770
10/18/19, $500.00 ,5770
2/21/20, $200.00 ,5770
6/18/20," $3,000.00 ",5770
11/30/20," $3,500.00 ",5770
2/26/21," $2,500.00 ",5770
5/17/21," $5,000.00 ",5770
10/6/21," $2,500.00 ",5770
3/13/22," $1,500.00 ",5770
2/13/20, $250.00 ,25874
12/28/17, $500.00 ,10779
12/3/18, $500.00 ,10779
12/9/19, $500.00 ,10779
11/24/20," $10,000.00 ",10779
12/7/21," $10,000.00 ",10779
12/6/22," $15,000.00 ",10779
7/31/18, $500.00 ,16516
6/12/19," $2,000.00 ",16516
7/16/20," $2,000.00 ",16516
7/26/21," $2,000.00 ",16516
8/30/22," $2,000.00 ",16516
12/13/18, $100.00 ,28253
12/11/19, $150.00 ,28253
10/22/21, $100.00 ,28253
12/29/22, $150.00 ,28253
1/6/17, $250.00 ,11364
12/28/17, $200.00 ,11364
12/31/18, $250.00 ,11364
2/15/20, $200.00 ,26006
2/15/20, $6.50 ,26006
1/23/18, $100.00 ,13526
12/17/19, $150.00 ,23879
12/17/19, $4.88 ,23879
11/28/22, $100.00 ,41127
1/2/17, $125.00 ,15299
12/24/21, $108.00 ,49076
1/27/20, $250.00 ,25148
11/6/21, $20.00 ,53897
11/6/22, $25.00 ,53897
12/22/20, $500.00 ,33369
12/15/20," $1,000.00 ",16133
2/10/17, $100.00 ,17527
12/28/17, $100.00 ,17527
8/14/18, $20.00 ,17527
12/5/18, $100.00 ,17527
12/30/22, $150.00 ,17527
4/13/20," $2,472.50 ",28454
5/29/18, $25.00 ,15271
5/23/19, $100.00 ,15271
12/11/19, $100.00 ,15271
1/23/21, $50.00 ,15271
12/28/17, $50.00 ,1406
11/14/17, $250.00 ,12363
4/15/21, $250.00 ,12363
11/9/21, $50.00 ,12363
1/7/22, $10.00 ,12363
12/30/22, $100.00 ,12363
7/10/18, $20.00 ,13573
12/11/17," $1,000.00 ",23181
11/3/18," $1,000.00 ",23181
12/14/19," $1,000.00 ",23181
11/9/20," $1,000.00 ",23181
11/15/21," $1,000.00 ",23181
11/28/22," $1,000.00 ",23181
12/14/21, $500.00 ,27668
12/6/22," $2,000.00 ",27668
12/30/21, $100.00 ,24289
8/27/18, $40.00 ,12336
5/26/17," $1,000.00 ",10785
6/26/18," $1,000.00 ",10785
5/16/19, $500.00 ,10785
10/27/20," $1,000.00 ",10785
12/24/21," $1,000.00 ",10785
11/29/22," $3,000.00 ",10785
12/12/17," $1,000.00 ",12585
11/14/18," $1,000.00 ",12585
11/26/19," $1,000.00 ",12585
6/30/17, $500.00 ,14022
6/5/18," $1,000.00 ",14022
10/16/20, $500.00 ,13916
11/16/21, $500.00 ,13916
1/2/19, $100.00 ,17781
12/27/19, $100.00 ,17781
12/30/20, $100.00 ,17781
12/29/21, $100.00 ,17781
12/29/22, $100.00 ,17781
11/6/17," $1,108.80 ",10854
12/18/18, $494.00 ,10854
12/27/19," $2,839.20 ",10854
12/30/20, $200.00 ,10854
10/15/21, $500.00 ,10854
11/26/18, $500.00 ,16446
12/11/19, $500.00 ,16446
5/10/21, $500.00 ,16446
5/10/21, $16.26 ,16446
12/6/18," $5,000.00 ",6906
11/27/19," $3,000.00 ",6906
12/31/20," $2,000.00 ",6906
12/17/21," $2,000.00 ",6906
12/24/21," $2,000.00 ",6906
1/20/23," $1,500.00 ",6906
7/20/17," $2,501.00 ",44176
8/20/18," $2,501.00 ",44176
11/19/19," $2,501.00 ",44176
3/31/20," $1,000.00 ",44176
5/6/22," $2,000.00 ",44176
11/30/21, $150.00 ,41327
5/7/21, $50.00 ,11106
12/30/21," $1,000.00 ",20298
6/22/20," $10,000.00 ",13303
12/28/20," $1,000.00 ",21491
2/8/23, $964.57 ,21491
3/1/23,100,10579
5/29/18, $500.00 ,60562
11/19/19, $500.00 ,60562
1/2/23, $500.00 ,60562
12/17/19, $500.00 ,17549
12/31/20, $500.00 ,17549
12/31/21, $500.00 ,17549
12/30/18, $100.00 ,17770
5/13/19, $250.00 ,10436
12/21/20, $200.00 ,23942
12/10/21, $250.00 ,23942
3/17/17, $100.00 ,9924
12/29/17, $100.00 ,9924
9/4/18, $40.00 ,9924
5/15/19, $100.00 ,9924
6/22/21, $250.00 ,9924
7/5/22, $250.00 ,9924
4/22/19, $200.00 ,15737
4/22/19, $200.00 ,15737
12/27/19, $300.00 ,15593
4/29/20, $500.00 ,15593
6/10/21," $1,000.00 ",15593
11/25/19, $100.00 ,6108
5/24/18, $350.00 ,12805
8/15/18, $40.00 ,12805
5/8/19, $500.00 ,12805
12/6/22, $100.00 ,12805
11/25/17, $100.00 ,16144
7/9/18, $20.00 ,16144
11/17/18, $100.00 ,16144
11/26/20, $250.00 ,16144
12/6/21, $250.00 ,16144
9/18/18, $40.00 ,11950
5/21/19, $250.00 ,11950
12/5/19, $250.00 ,11950
12/28/20, $500.00 ,11950
11/5/21, $500.00 ,11950
6/9/18, $500.00 ,16933
8/15/18, $40.00 ,16933
11/19/18, $75.00 ,14565
12/17/19, $250.00 ,23867
6/9/21, $250.00 ,23867
5/6/22, $250.00 ,23867
12/14/17," $1,000.00 ",10978
12/17/18," $1,500.00 ",10978
12/18/19," $1,500.00 ",10978
1/2/20," $1,000.00 ",10978
12/16/20," $2,000.00 ",10978
12/10/21," $5,000.00 ",10978
11/29/22," $5,500.00 ",10978
6/10/19," $5,000.00 ",13160
2/25/20," $10,000.00 ",13160
5/5/20," $2,000.00 ",28451
5/13/20, $100.00 ,30432
5/13/20, $3.25 ,30432
12/3/18," $1,000.00 ",10877
12/17/19," $1,000.00 ",10877
11/11/20," $2,000.00 ",10877
8/28/18, $20.00 ,12426
8/28/18, $20.00 ,12426
12/28/17, $50.00 ,15303
1/9/19, $50.00 ,15303
1/6/20, $50.00 ,15303
1/5/21, $50.00 ,15303
1/5/22, $50.00 ,15303
1/20/23, $50.00 ,15303
12/28/17," $2,000.00 ",12030
11/12/18," $2,000.00 ",12030
12/16/19," $3,000.00 ",12030
12/13/20," $5,000.00 ",12030
11/30/21," $5,000.00 ",12030
12/13/22," $5,000.00 ",12030
12/20/17," $1,500.00 ",11449
12/27/18," $1,500.00 ",11449
12/16/19," $1,500.00 ",11449
12/31/20," $1,500.00 ",11449
12/31/21," $1,500.00 ",11449
12/13/22," $1,500.00 ",11449
1/23/21, $21.47 ,39939
12/13/22, $50.00 ,39939
12/8/17," $1,000.00 ",15062
8/14/18, $40.00 ,15062
12/7/18," $1,000.00 ",15062
11/18/19," $1,500.00 ",15062
12/1/20," $1,500.00 ",15062
11/16/21," $1,500.00 ",15062
11/15/22," $1,500.00 ",15062
12/13/17, $25.00 ,13003
8/10/18, $40.00 ,13003
11/29/18, $150.00 ,13003
11/13/19, $200.00 ,13003
12/2/20, $100.00 ,13003
11/24/21, $200.00 ,13003
7/14/17, $250.00 ,11134
12/28/17," $1,000.00 ",11134
7/8/18, $40.00 ,11134
8/27/18, $40.00 ,11134
11/16/18," $1,000.00 ",11134
4/7/21, $100.00 ,11134
12/28/18," $1,000.00 ",24288
12/31/19," $1,000.00 ",24288
11/2/20, $500.00 ,24288
12/31/20, $500.00 ,24288
12/31/21," $1,000.00 ",24288
12/24/22," $1,000.00 ",24288
3/1/21, $103.50 ,57591
1/24/17, $200.00 ,12662
1/23/18, $250.00 ,12662
2/20/19, $200.00 ,12662
2/20/19, $300.00 ,12662
12/14/19, $250.00 ,12662
12/14/19, $8.13 ,12662
12/9/21, $350.00 ,12662
6/16/20," $2,000.00 ",24726
10/15/21," $2,000.00 ",24726
9/20/22," $2,000.00 ",24726
12/27/17, $250.00 ,16255
8/14/18, $20.00 ,16255
12/18/18, $250.00 ,16255
12/10/19, $250.00 ,16255
12/31/20, $250.00 ,16255
11/30/21, $250.00 ,16255
6/14/18, $500.00 ,14028
5/19/21, $500.00 ,14028
6/16/22, $500.00 ,14028
1/5/21, $100.00 ,17784
1/5/22, $250.00 ,17784
12/11/19, $100.00 ,15932
10/22/20, $100.00 ,15932
1/26/17, $1.20 ,1390
4/27/17, $0.09 ,1390
7/27/17, $0.37 ,1390
8/29/17, $0.11 ,1390
10/30/17, $0.94 ,1390
12/14/18, $0.30 ,1390
12/28/18, $0.09 ,1390
5/29/19, $0.10 ,1390
6/28/19, $0.12 ,1390
8/28/19, $0.18 ,1390
9/30/19, $0.23 ,1390
10/28/19, $0.14 ,1390
1/29/20, $0.11 ,1390
2/27/20, $0.14 ,1390
3/26/20, $0.34 ,1390
4/29/20, $0.43 ,1390
7/30/20, $0.22 ,1390
9/29/20, $0.59 ,1390
8/14/18, $20.00 ,15751
6/9/20, $40.00 ,15751
12/20/17, $150.00 ,6595
12/11/18, $100.00 ,6595
12/11/19, $100.00 ,6595
12/7/20, $100.00 ,6595
12/3/21, $100.00 ,6595
12/30/22, $500.00 ,28913
5/13/17," $1,000.00 ",10834
6/26/20," $4,667.37 ",13303
6/30/20, $0.05 ,13303
1/27/17, $100.00 ,15350
6/18/18, $100.00 ,15350
10/22/21, $20.00 ,47752
5/14/18, $200.00 ,10934
5/8/19, $200.00 ,10934
5/19/17," $1,000.00 ",1406
6/30/17, $500.00 ,1406
9/10/18, $20.00 ,13548
12/7/18, $50.00 ,13548
11/20/19, $103.09 ,13548
5/26/22, $100.00 ,13548
12/17/18, $250.00 ,5756
12/27/19, $250.00 ,5756
12/7/20, $250.00 ,5756
12/28/21, $250.00 ,5756
5/9/17, $100.00 ,12744
5/4/18, $100.00 ,12744
5/7/19, $100.00 ,12744
7/21/20, $100.00 ,12744
11/19/21, $100.00 ,12744
10/14/22, $100.00 ,12744
6/27/18," $2,500.00 ",13303
6/8/17, $250.00 ,12683
6/4/18, $250.00 ,12683
6/11/19, $250.00 ,12683
4/20/21, $250.00 ,12683
4/20/21, $8.13 ,12683
5/21/22, $250.00 ,53565
12/30/22," $15,000.00 ",21158
6/23/22, $25.00 ,54425
12/27/19, $50.00 ,49176
12/24/21, $100.00 ,49176
1/5/22, $175.00 ,56534
10/14/20," $1,200.00 ",28162
10/14/20, $500.00 ,28162
8/31/22, $500.00 ,28162
6/9/17, $40.00 ,16937
6/12/18, $40.00 ,16937
7/8/18, $40.00 ,11478
8/14/18, $20.00 ,11478
12/18/18," $1,000.00 ",11478
12/16/19," $1,000.00 ",11478
11/19/21," $2,500.00 ",11478
12/30/22," $3,500.00 ",11478
12/30/21," $1,000.00 ",51983
12/31/22," $1,000.00 ",51983
12/28/17, $250.00 ,13101
12/27/18, $500.00 ,13101
12/27/19, $750.00 ,13101
11/30/20, $500.00 ,13101
12/14/21, $500.00 ,13101
12/20/22, $250.00 ,13101
3/14/19, $100.00 ,17927
12/3/19, $103.09 ,17927
9/7/18, $40.00 ,12885
6/24/19, $200.00 ,12885
12/27/19, $40.00 ,11721
5/29/17, $100.00 ,15618
11/24/17, $100.00 ,15618
4/22/20," $5,000.00 ",29177
6/30/17, $250.00 ,11723
6/15/17, $100.00 ,6900
1/8/18, $100.00 ,6900
12/26/17, $100.00 ,13886
12/27/18, $100.00 ,13886
12/27/19, $100.00 ,13886
12/8/20, $100.00 ,13886
12/10/21, $100.00 ,13886
12/13/22, $100.00 ,13886
11/28/17, $100.00 ,15359
11/26/18, $150.00 ,15359
6/15/17, $500.00 ,11517
12/28/17, $500.00 ,11517
7/8/18, $40.00 ,11517
6/13/19," $1,000.00 ",11517
12/3/19, $257.73 ,11517
12/14/20," $1,000.00 ",11517
12/29/22, $100.00 ,11517
5/24/22, $300.00 ,53667
12/3/18, $100.00 ,17481
12/11/19, $100.00 ,17481
11/2/20, $100.00 ,17481
2/25/23, $100.00 ,17481
4/5/17," $1,000.00 ",13405
3/13/18," $1,000.00 ",13405
12/27/19, $50.00 ,24206
2/16/18," $2,000.00 ",16440
3/16/17," $13,602.08 ",16472
3/8/18," $14,159.24 ",16472
3/15/19," $14,355.63 ",16472
5/26/20," $14,621.85 ",16472
3/30/21," $14,445.62 ",16472
4/1/22," $15,255.39 ",16472
12/12/18, $50.00 ,11119
12/30/19, $50.00 ,11119
8/20/18, $80.00 ,38847
12/17/19, $200.00 ,20792
12/1/20, $200.00 ,20792
12/1/20, $6.50 ,20792
11/19/21, $500.00 ,20792
8/18/18, $20.00 ,36925
5/19/19, $100.00 ,36925
6/29/21, $200.00 ,36925
5/30/22, $200.00 ,36925
2/3/20, $100.00 ,25362
2/3/20, $3.25 ,25362
3/7/18, $500.00 ,13572
12/6/17, $250.00 ,10647
10/2/18, $250.00 ,10647
11/18/19, $250.00 ,10647
11/10/20, $500.00 ,10647
9/9/21, $500.00 ,10647
11/4/22, $500.00 ,10647
6/10/19, $500.00 ,6561
12/30/19, $500.00 ,6561
11/12/20," $1,000.00 ",6561
11/12/20," $1,000.00 ",6561
11/22/17, $250.00 ,3916
9/9/19, $250.00 ,3916
5/31/22, $250.00 ,3916
2/24/22, $100.00 ,51685
6/29/17, $100.00 ,30136
7/29/18, $250.00 ,30136
12/3/19, $250.00 ,30136
3/24/21, $500.00 ,30136
11/8/22," $1,000.00 ",30136
9/3/18, $40.00 ,35547
11/28/18, $500.00 ,35547
12/14/21," $1,000.00 ",35547
12/13/22," $1,000.00 ",35547
4/11/17, $50.00 ,11578
12/10/20, $100.00 ,11578
12/10/20, $3.25 ,11578
12/31/22, $100.00 ,11578
6/7/17, $400.00 ,12859
11/30/20, $500.00 ,17494
3/4/20, $100.00 ,26634
5/28/19, $250.00 ,12082
11/28/17, $500.00 ,16140
11/19/18, $500.00 ,16140
11/22/19, $500.00 ,16140
12/31/21, $50.00 ,21268
12/21/22, $50.00 ,21268
6/22/17, $250.00 ,15706
11/28/17, $500.00 ,15706
8/14/18, $40.00 ,15706
12/4/18," $1,000.00 ",15706
10/29/20, $500.00 ,15706
3/21/19," $10,000.00 ",13303
12/4/20," $10,000.00 ",13303
12/13/22, $50.00 ,58879
7/8/19, $100.00 ,17497
10/16/20, $100.00 ,17497
1/21/22, $100.00 ,17497
3/8/23,100,17497
8/5/22, $250.00 ,43896
11/19/18, $100.00 ,15282
12/27/19, $100.00 ,15282
5/14/18, $100.00 ,7171
12/7/18, $100.00 ,7171
10/26/20, $25.00 ,7171
11/16/22, $100.00 ,58514
8/27/18, $40.00 ,13043
11/9/17, $500.00 ,10490
11/14/18, $500.00 ,10490
11/4/20," $1,000.00 ",10490
9/29/21," $1,100.00 ",10490
11/8/22," $1,000.00 ",10490
5/29/18, $200.00 ,10490
11/30/19, $103.09 ,23102
11/25/20, $200.00 ,23102
11/25/20, $6.50 ,23102
12/28/17, $100.00 ,39149
12/28/18, $100.00 ,39149
1/6/20, $100.00 ,39149
12/31/20, $100.00 ,39149
12/31/20, $3.25 ,39149
12/29/21, $100.00 ,39149
12/31/22, $100.00 ,39149
3/2/17, $600.00 ,11979
1/23/18, $250.00 ,11979
8/14/18, $20.00 ,11979
12/31/18, $150.00 ,11979
12/31/18, $300.00 ,11979
1/27/20, $300.00 ,11979
2/2/21, $100.00 ,11979
2/2/21, $100.00 ,11979
12/30/22, $100.00 ,11979
10/5/21," $1,000.00 ",11666
9/2/22," $1,000.00 ",11666
11/29/22, $500.00 ,11666
12/10/19, $150.00 ,13592
5/4/21, $100.00 ,13592
6/8/17, $100.00 ,11011
8/26/18, $20.00 ,11011
6/29/18, $350.00 ,11237
1/20/20, $500.00 ,11237
5/17/21, $500.00 ,11237
10/4/22, $500.00 ,11237
8/30/17, $200.00 ,15820
12/26/17, $150.00 ,13146
12/31/18, $150.00 ,13146
12/30/19, $200.00 ,13146
7/28/20, $200.00 ,13146
12/26/20, $200.00 ,13146
12/31/21, $200.00 ,13146
12/28/22, $150.00 ,13146
11/15/17, $100.00 ,12335
8/18/18, $20.00 ,12335
12/29/18, $100.00 ,12335
12/26/19, $100.00 ,12335
12/16/20, $100.00 ,12335
12/26/21, $100.00 ,12335
11/1/22, $100.00 ,12335
1/17/18, $200.00 ,11563
12/29/18, $118.00 ,13107
1/29/20, $600.00 ,12878
2/2/21, $300.00 ,12878
2/2/21, $300.00 ,12878
1/31/22, $300.00 ,12878
1/31/22, $300.00 ,12878
1/27/23, $200.00 ,12878
1/27/23, $200.00 ,12878
5/11/18, $50.00 ,16676
11/16/18, $100.00 ,16676
12/20/19, $50.00 ,16676
8/12/18, $40.00 ,6580
3/16/17," $2,500.00 ",11552
12/30/17, $200.00 ,11552
4/18/18," $2,300.00 ",11552
1/17/19, $200.00 ,11552
2/19/19," $2,500.00 ",11552
1/24/20, $250.00 ,11552
4/16/20," $2,500.00 ",11552
2/19/21," $2,500.00 ",11552
2/18/22," $2,500.00 ",11552
12/17/19, $100.00 ,23875
6/12/17, $500.00 ,13022
12/12/17, $250.00 ,13022
11/16/18, $500.00 ,13022
12/30/19, $250.00 ,13022
11/24/20, $500.00 ,13022
11/24/20, $16.26 ,13022
11/24/20, $250.00 ,13022
12/23/21, $750.00 ,13022
12/30/19, $100.00 ,16122
11/18/20, $50.00 ,17453
12/17/21, $25.00 ,17453
1/13/23, $75.00 ,17453
12/28/17, $100.00 ,11598
12/31/18, $100.00 ,11598
6/8/20, $150.00 ,32976
10/18/21, $500.00 ,40332
12/24/21, $100.00 ,49077
12/31/22, $500.00 ,49462
12/31/18," $1,250.00 ",17049
12/31/18," $1,250.00 ",17049
11/25/19," $1,500.00 ",17049
12/31/19," $1,500.00 ",17049
12/3/20," $1,500.00 ",17049
2/2/21," $1,500.00 ",17049
4/26/21," $4,000.00 ",17049
4/27/21," $4,000.00 ",17049
12/13/17, $500.00 ,16248
1/15/19, $500.00 ,16248
5/17/21," $1,000.00 ",16248
5/27/22, $250.00 ,16248
12/20/17," $1,000.00 ",10754
11/19/18, $500.00 ,10754
11/18/19," $1,000.00 ",10754
12/21/20," $1,000.00 ",10754
12/21/21," $1,000.00 ",10754
5/21/19, $250.00 ,12777
12/30/18, $250.00 ,16900
12/31/19, $250.00 ,16900
7/25/17, $100.00 ,15776
7/9/18, $100.00 ,15776
8/17/18, $40.00 ,15776
7/29/19, $100.00 ,15776
7/14/20, $100.00 ,15776
7/12/21, $100.00 ,15776
7/12/22, $100.00 ,15776
11/30/21, $500.00 ,38321
5/15/17," $1,000.00 ",12990
5/11/18," $1,000.00 ",12990
5/8/19," $1,500.00 ",12990
12/23/20," $1,500.00 ",12990
12/23/20, $48.79 ,12990
1/13/23, $19.12 ,27547
11/26/19," $1,000.00 ",7823
3/30/19, $25.00 ,14707
12/27/22, $50.00 ,14707
9/14/17," $1,000.00 ",14786
7/12/18, $20.00 ,14786
11/19/18," $1,000.00 ",14786
11/15/19," $1,030.93 ",14786
12/31/20," $1,000.00 ",14786
12/31/20, $32.52 ,14786
12/3/21," $1,000.00 ",14786
9/24/22," $1,000.00 ",14786
12/13/18, $100.00 ,11945
12/20/19, $50.00 ,14044
12/18/21, $500.00 ,12706
12/23/22, $500.00 ,12706
6/29/17, $500.00 ,13078
12/4/18," $1,000.00 ",10519
11/18/19," $1,000.00 ",10519
12/21/20, $250.00 ,10519
6/3/22, $500.00 ,10519
2/23/22, $500.00 ,10622
12/20/19, $50.00 ,11592
12/20/19, $1.63 ,11592
12/1/20, $50.00 ,11592
12/29/18, $250.00 ,4136
1/6/17, $250.00 ,5181
11/28/17, $100.00 ,5181
11/19/18, $100.00 ,5181
11/4/20, $100.00 ,5181
11/27/21, $500.00 ,5181
1/6/20, $100.00 ,24436
5/29/18, $100.00 ,11994
11/5/20, $100.00 ,11994
11/5/20, $3.25 ,11994
12/14/22, $100.00 ,11994
11/29/18," $1,000.00 ",11748
11/26/19, $500.00 ,11748
10/14/20, $500.00 ,16146
10/14/20, $16.26 ,16146
7/30/18, $20.00 ,10243
5/15/19, $50.00 ,10243
12/19/19," $1,000.00 ",10243
3/28/23,2500,62243
8/28/18, $40.00 ,9834
9/24/18, $40.00 ,10676
11/13/19, $257.73 ,15743
11/4/20, $250.00 ,15743
11/16/21, $300.00 ,15743
10/28/22, $300.00 ,15743
11/27/22, $250.00 ,58844
8/30/18, $40.00 ,10885
9/26/20, $250.00 ,10885
12/17/21, $250.00 ,10885
12/2/22, $500.00 ,10885
11/23/19, $50.00 ,38120
11/29/20, $25.00 ,38120
11/8/21, $100.00 ,38120
11/29/22, $100.00 ,38120
4/23/18," $1,000.00 ",11613
3/12/19," $1,000.00 ",11613
7/16/20," $1,000.00 ",11613
4/13/21," $1,000.00 ",11613
12/30/22," $2,000.00 ",11613
11/28/17, $250.00 ,12331
11/15/19, $250.00 ,12331
11/30/20, $500.00 ,12331
12/14/21, $500.00 ,12331
12/9/22, $500.00 ,12331
11/25/22, $250.00 ,38914
10/24/22, $100.00 ,57690
11/4/20," $1,000.00 ",17436
2/4/19," $1,000.00 ",11622
12/27/19," $1,000.00 ",11622
12/7/20," $1,000.00 ",11622
12/3/21," $1,000.00 ",11622
12/21/22," $1,000.00 ",11622
12/26/17," $1,000.00 ",12492
11/16/18," $1,000.00 ",12492
4/20/21," $1,000.00 ",12492
4/20/21, $32.52 ,12492
6/7/22," $1,000.00 ",12492
6/3/19, $100.00 ,17647
8/13/21, $200.00 ,17647
12/24/21, $100.00 ,17647
12/28/17, $100.00 ,14700
5/4/21, $100.00 ,14700
12/29/21, $100.00 ,14700
12/29/17," $1,000.00 ",12297
12/4/18," $1,000.00 ",12297
10/29/20," $1,000.00 ",12297
6/22/22, $500.00 ,12297
12/30/17, $100.00 ,44172
12/17/18, $100.00 ,44172
11/16/19, $150.00 ,44172
12/1/20, $175.00 ,44172
12/13/22, $50.00 ,44172
12/28/17," $1,000.00 ",3861
8/31/18, $50.00 ,3861
12/27/18," $1,000.00 ",3861
12/27/19," $1,000.00 ",3861
12/31/20," $1,000.00 ",3861
12/10/21," $1,500.00 ",3861
12/6/22," $1,500.00 ",3861
6/30/17, $100.00 ,5891
8/21/18, $20.00 ,5882
12/17/19, $100.00 ,15950
11/26/18, $100.00 ,13026
12/12/20, $250.00 ,38519
1/7/22, $500.00 ,38519
11/28/17," $2,941.50 ",12983
12/7/18," $2,714.00 ",12983
12/7/18," $1,000.00 ",12983
12/9/19," $4,017.83 ",12983
12/2/20," $4,274.55 ",12983
11/30/21," $4,068.00 ",12983
10/14/20, $25.00 ,38420
11/9/21, $25.00 ,38420
12/22/22, $25.00 ,38420
11/28/17, $100.00 ,15120
8/13/18, $20.00 ,15120
12/27/18, $100.00 ,15120
12/17/19, $100.00 ,15120
12/16/20, $100.00 ,15120
11/12/21, $100.00 ,15120
11/18/22, $100.00 ,15120
3/29/23,100,15120
12/23/20, $250.00 ,17703
12/8/21, $300.00 ,17703
12/29/22, $300.00 ,17703
12/21/22, $100.00 ,31817
7/14/17, $500.00 ,15759
9/10/18, $50.00 ,16712
12/30/17," $2,000.00 ",10903
8/16/18, $50.00 ,10903
12/29/18," $5,000.00 ",10903
12/17/19, $200.00 ,29647
12/8/20, $200.00 ,17556
12/10/20, $200.00 ,17556
12/10/20, $(200.00),17556
11/28/22, $200.00 ,17556
1/6/22, $100.00 ,38195
2/20/18, $150.00 ,11526
8/29/18, $40.00 ,11526
9/7/18, $40.00 ,11526
1/25/19, $150.00 ,11526
12/21/20, $150.00 ,11526
12/3/21, $150.00 ,11526
12/12/17," $2,500.00 ",14286
8/28/18, $40.00 ,14286
11/19/18," $2,500.00 ",14286
11/14/19," $2,500.00 ",14286
11/16/20," $3,000.00 ",14286
11/8/21," $3,000.00 ",14286
8/15/18, $40.00 ,12369
11/19/18," $1,000.00 ",11056
12/11/19," $1,000.00 ",11056
3/17/23,200,12196
2/1/18, $250.00 ,3492
1/23/19, $250.00 ,3492
11/22/17, $100.00 ,4024
3/14/18," $1,000.00 ",12917
5/21/19," $1,000.00 ",12917
12/13/20, $500.00 ,12917
12/17/21," $2,100.00 ",12917
12/21/22," $2,000.00 ",12917
5/26/17, $100.00 ,13115
2/27/18, $780.00 ,13115
11/25/19," $1,000.00 ",13115
12/27/20," $1,000.00 ",13115
12/24/22," $1,000.00 ",13115
11/30/18, $100.00 ,17475
11/18/19, $100.00 ,17475
11/21/17, $100.00 ,12968
12/6/18, $100.00 ,12968
5/18/18, $100.00 ,10774
12/21/21, $200.00 ,10774
7/14/17, $100.00 ,12629
9/10/18, $20.00 ,12629
11/19/21, $100.00 ,12629
11/29/22, $200.00 ,59046
11/30/21, $250.00 ,36921
12/28/17, $100.00 ,13526
7/30/18, $500.00 ,15209
4/5/17," $3,000.00 ",13029
3/25/19," $5,000.00 ",13029
12/4/20," $3,000.00 ",13029
1/6/21," $25,000.00 ",13029
2/1/22," $5,000.00 ",13029
2/4/22, $100.00 ,13029
12/3/19, $100.00 ,37988
6/30/18, $250.00 ,16285
8/15/18, $40.00 ,16285
6/28/19, $500.00 ,16285
12/3/19, $50.00 ,16285
12/3/19, $50.00 ,16285
6/24/20, $441.12 ,16285
12/30/20, $500.00 ,16285
12/31/21, $500.00 ,16285
12/31/22, $750.00 ,16285
12/20/18, $500.00 ,3101
12/20/19, $500.00 ,3101
12/9/20, $500.00 ,3101
1/4/22, $750.00 ,3101
1/6/23, $500.00 ,3101
12/13/17, $500.00 ,12035
5/22/19, $100.00 ,17176
12/11/19, $100.00 ,17176
12/7/20," $1,000.00 ",6591
1/5/23, $250.00 ,60563
2/28/23, $250.00 ,60563
2/12/21," $2,000.00 ",40331
12/29/19, $100.00 ,24260
12/12/17," $1,000.00 ",12834
8/29/18, $40.00 ,12834
11/27/18," $1,000.00 ",12834
11/19/19," $1,500.00 ",12834
11/24/20," $1,500.00 ",12834
11/30/21," $2,000.00 ",12834
12/13/22," $2,500.00 ",12834
11/21/17, $100.00 ,6714
10/27/22, $250.00 ,8671
4/9/20," $1,000.00 ",31686
5/29/20," $1,000.00 ",31686
3/30/21," $2,000.00 ",31686
3/1/22," $2,000.00 ",31686
1/20/23," $2,000.00 ",31686
4/1/20, $100.00 ,46470
4/1/20, $3.25 ,46470
10/7/21, $500.00 ,46470
12/26/20, $250.00 ,13027
12/27/19, $100.00 ,24202
12/7/21, $200.00 ,11914
1/3/17, $500.00 ,11750
12/28/17, $500.00 ,11750
12/31/18, $500.00 ,11750
4/11/19," $1,000.00 ",11750
1/6/20, $500.00 ,11750
4/13/20," $1,000.00 ",11750
12/31/20, $750.00 ,11750
4/4/21, $750.00 ,11750
12/31/21, $750.00 ,11750
1/6/23," $1,000.00 ",11750
7/20/17, $500.00 ,4798
8/27/18, $25.00 ,4798
12/3/18, $500.00 ,4798
3/1/21, $200.00 ,17602
3/1/21, $200.00 ,17602
12/31/21, $150.00 ,17602
12/10/18, $100.00 ,14282
12/30/19, $100.00 ,14282
12/28/20, $100.00 ,14282
11/23/21, $100.00 ,14282
7/14/17, $500.00 ,12879
8/14/18, $40.00 ,12879
12/17/19, $500.00 ,12879
10/30/20, $200.00 ,12879
10/30/20, $6.50 ,12879
12/3/21, $250.00 ,12879
12/26/17, $250.00 ,11262
12/27/18, $250.00 ,11262
12/29/19, $500.00 ,11262
12/29/19, $16.26 ,11262
12/29/20, $500.00 ,11262
12/29/20, $16.26 ,11262
12/30/21, $500.00 ,11262
11/21/17, $100.00 ,12727
12/19/18, $100.00 ,12727
12/13/19, $100.00 ,12727
12/2/20, $100.00 ,12727
5/15/17, $750.00 ,12737
12/31/17, $250.00 ,12737
8/14/18, $40.00 ,12737
12/28/18," $1,000.00 ",12737
12/26/19," $3,000.00 ",12737
1/14/21," $5,000.00 ",12737
2/4/22," $10,000.00 ",12737
6/30/22," $10,225.00 ",12737
12/24/20, $500.00 ,39057
12/29/21, $500.00 ,39057
12/22/22, $500.00 ,39057
10/18/22," $1,500.00 ",12717
8/2/18, $250.00 ,10504
8/28/18, $50.00 ,10504
10/22/20, $250.00 ,10504
12/30/22," $1,000.00 ",54587
1/3/17, $250.00 ,12900
12/28/17, $250.00 ,12900
12/31/17," $1,000.00 ",12581
11/13/18, $1.00 ,12581
12/31/18, $500.00 ,12581
11/22/19, $1.00 ,12581
11/22/19, $1.00 ,12581
11/22/19, $1.00 ,12581
11/25/19, $1.50 ,12581
1/24/20, $1.00 ,12581
3/30/20, $1.00 ,12581
6/30/20," $1,000.00 ",12581
8/21/20, $1.00 ,12581
12/7/20, $500.00 ,12581
10/25/21, $10.00 ,12581
11/4/21, $10.00 ,12581
2/10/22," $1,000.00 ",12581
12/5/22," $1,000.00 ",12581
11/30/20, $500.00 ,16047
11/24/17, $100.00 ,13074
1/23/18, $100.00 ,13074
6/18/18, $50.00 ,17030
6/24/19, $25.00 ,17030
11/25/19, $50.00 ,17030
12/20/17, $100.00 ,13100
11/7/20, $100.00 ,13100
11/7/20, $3.25 ,13100
12/15/21, $100.00 ,13100
5/11/18," $1,000.00 ",13111
12/29/18," $1,000.00 ",13111
12/31/19," $1,000.00 ",13111
12/31/19, $32.52 ,13111
12/31/20," $1,000.00 ",13111
12/4/18, $100.00 ,10818
12/29/17," $2,500.00 ",12199
9/7/18, $40.00 ,12199
12/31/18," $2,500.00 ",12199
1/6/20," $2,500.00 ",12199
12/30/20," $2,500.00 ",12199
12/31/21," $2,500.00 ",12199
12/30/22," $2,500.00 ",12199
12/6/22, $50.00 ,23004
5/4/21," $2,000.00 ",42377
9/25/19, $600.00 ,18397
6/5/21, $250.00 ,18397
7/30/21, $250.00 ,18397
5/8/19, $250.00 ,18517
12/11/19, $250.00 ,18517
10/22/20, $250.00 ,18517
11/19/21, $500.00 ,18517
6/15/18, $250.00 ,12698
12/11/18, $500.00 ,12698
12/11/19, $500.00 ,12698
4/21/21, $500.00 ,12698
5/27/22, $500.00 ,12698
11/15/22, $500.00 ,12698
12/28/17," $1,000.00 ",13019
8/25/18, $40.00 ,13019
12/18/18, $500.00 ,13019
12/13/19, $500.00 ,13019
11/18/20, $250.00 ,13019
11/9/21, $500.00 ,13019
11/29/22, $500.00 ,13019
8/25/18, $40.00 ,15104
9/4/18, $20.00 ,12075
3/31/23," $25,000.00 ",13303
12/13/18," $5,000.00 ",17612
12/10/19," $5,000.00 ",17612
1/8/18, $100.00 ,12686
8/21/18, $20.00 ,12686
12/6/18, $100.00 ,12686
12/30/19, $100.00 ,12686
11/24/20, $100.00 ,12686
11/23/21, $100.00 ,12686
11/29/22, $100.00 ,12686
11/29/22, $100.00 ,10709
12/29/17, $250.00 ,13006
12/23/17, $200.00 ,15297
12/31/18, $200.00 ,15297
6/30/17, $250.00 ,11824
8/31/18, $20.00 ,11824
5/21/19, $250.00 ,11824
7/26/19," $1,982.02 ",11824
12/27/19, $200.00 ,11824
12/13/20, $100.00 ,11824
12/13/20, $3.25 ,11824
12/20/17, $250.00 ,38425
12/11/18, $250.00 ,38425
12/10/19, $250.00 ,38425
3/2/21, $750.00 ,38425
12/10/21, $500.00 ,38425
4/25/17, $20.00 ,39476
12/12/17, $500.00 ,11202
9/18/18, $40.00 ,11202
12/28/18, $500.00 ,11202
12/9/19, $500.00 ,11202
12/21/20, $500.00 ,11202
12/14/21, $500.00 ,11202
5/26/17, $300.00 ,12039
5/14/18, $300.00 ,12039
6/25/19, $400.00 ,12039
12/21/21," $1,000.00 ",12039
12/15/22," $1,000.00 ",12039
6/13/17, $100.00 ,12058
12/28/18, $100.00 ,12058
12/10/19, $100.00 ,12058
12/22/20, $150.00 ,12058
11/19/19, $25.77 ,12713
12/29/17," $2,500.00 ",11949
12/24/18," $2,500.00 ",11949
12/18/19," $2,500.00 ",11949
12/30/20," $1,000.00 ",11949
12/30/20, $32.52 ,11949
12/27/21," $1,000.00 ",11949
3/10/17," $5,000.00 ",13212
6/14/18," $3,000.00 ",13212
6/13/19," $3,000.00 ",13212
10/30/20," $3,000.00 ",13212
12/23/22," $3,000.00 ",13212
1/9/17, $250.00 ,13173
2/10/17, $500.00 ,13593
11/17/17, $500.00 ,13593
1/30/18, $500.00 ,13593
12/29/18, $150.00 ,15280
6/21/17, $100.00 ,5160
11/28/17, $100.00 ,5160
11/15/21, $100.00 ,27535
9/26/17," $1,000.00 ",15933
12/4/18," $1,000.00 ",15933
2/22/21," $1,000.00 ",15933
12/13/18, $250.00 ,6536
11/26/18, $100.00 ,11651
7/1/18, $250.00 ,12981
12/8/17, $600.00 ,11400
12/14/18, $600.00 ,11400
12/13/19," $1,000.00 ",11400
12/16/20, $750.00 ,11400
12/22/21, $500.00 ,11400
12/14/22, $500.00 ,11400
12/11/19, $100.00 ,23567
2/8/18, $780.00 ,16414
5/9/17, $100.00 ,13554
2/22/18, $250.00 ,13554
11/22/19, $250.00 ,13554
8/17/18, $40.00 ,14496
11/12/21, $250.00 ,14496
1/13/23, $500.00 ,14496
12/28/20, $603.46 ,21520
12/14/21, $500.00 ,21520
12/6/22, $150.00 ,21520
12/13/19, $100.00 ,14280
11/1/22, $100.00 ,11201
12/15/22, $100.00 ,11201
12/20/17," $1,000.00 ",14536
1/3/17, $300.00 ,3817
12/28/17, $500.00 ,3817
12/31/18, $200.00 ,3817
11/18/19, $250.00 ,3817
12/30/19, $200.00 ,3817
12/31/20, $250.00 ,3817
11/19/18, $250.00 ,14701
11/27/19, $500.00 ,14701
1/20/23, $500.00 ,14701
11/29/22, $250.00 ,59044
12/7/18, $100.00 ,10644
12/19/19, $100.00 ,10644
12/14/20, $100.00 ,10644
1/4/22, $100.00 ,10644
1/17/23, $100.00 ,10644
2/26/23, $100.00 ,61517
12/3/19, $206.19 ,23204
12/26/20, $100.00 ,23204
12/9/21, $150.00 ,23204
12/31/22, $100.00 ,23204
11/28/17, $300.00 ,3127
8/14/18, $20.00 ,3127
11/19/18, $300.00 ,3127
12/5/19, $300.00 ,3127
11/18/20, $300.00 ,3127
11/9/21, $300.00 ,3127
12/21/22, $300.00 ,3127
12/12/17, $500.00 ,5047
11/19/18, $150.00 ,5047
12/5/19, $100.00 ,5047
11/19/21, $200.00 ,5047
6/21/17, $250.00 ,12762
5/29/18, $500.00 ,12762
11/18/19, $500.00 ,12762
5/6/20, $500.00 ,12762
4/19/21," $1,000.00 ",12762
5/9/22," $1,000.00 ",12762
12/26/19, $200.00 ,12639
2/2/21, $250.00 ,12639
2/2/21, $250.00 ,12639
6/7/19, $100.00 ,11243
11/15/22, $500.00 ,11243
9/7/18, $20.00 ,16627
6/12/17," $1,500.00 ",10200
3/19/19," $2,000.00 ",10200
7/31/19," $1,680.00 ",10200
11/30/21, $250.00 ,10906
11/29/22, $200.00 ,10906
5/21/19, $500.00 ,17861
12/28/17, $200.00 ,12380
12/31/18, $100.00 ,12380
12/30/19, $50.00 ,12380
12/31/20, $100.00 ,12380
11/19/21, $100.00 ,12380
12/30/22, $100.00 ,12380
1/17/20, $200.00 ,14473
12/20/17, $100.00 ,12519
8/20/18, $20.00 ,12519
12/31/18, $100.00 ,12519
12/30/19, $100.00 ,12519
12/10/20, $100.00 ,12519
12/14/21, $100.00 ,12519
9/30/17," $5,000.00 ",13303
11/22/19, $100.00 ,13080
10/21/20, $250.00 ,13080
11/19/21, $250.00 ,13080
12/12/17," $2,000.00 ",24653
8/29/18, $40.00 ,24653
12/10/18," $1,000.00 ",24653
11/21/19," $1,000.00 ",24653
11/27/21," $1,000.00 ",24653
11/19/19, $300.00 ,17391
12/10/20, $300.00 ,17391
11/27/21, $350.00 ,17391
7/11/19," $1,000.00 ",14275
10/16/20, $100.00 ,11441
12/15/21, $250.00 ,39151
12/20/20," $1,000.00 ",38780
12/20/20, $32.52 ,38780
1/3/17, $500.00 ,15300
12/26/17, $500.00 ,15300
5/29/18, $500.00 ,10827
5/23/19, $500.00 ,10827
12/15/21, $250.00 ,10827
11/1/22, $100.00 ,11175
3/18/21, $200.00 ,3349
1/31/22, $250.00 ,50397
1/31/22, $250.00 ,50397
11/15/17, $100.00 ,16257
1/29/21, $250.00 ,12815
11/14/21, $250.00 ,47624
12/28/21, $250.00 ,47624
12/31/21, $400.00 ,47624
2/28/22, $400.00 ,47624
5/25/18," $2,500.00 ",11983
9/24/18," $1,000.00 ",11983
12/18/19," $1,000.00 ",11983
12/10/21," $2,500.00 ",11983
11/22/17, $50.00 ,10533
11/29/18, $100.00 ,10533
12/17/19, $100.00 ,10533
12/16/20, $50.00 ,10533
12/13/21, $100.00 ,10533
11/30/22, $100.00 ,10533
8/30/18, $40.00 ,14159
11/15/18, $250.00 ,14159
6/16/22, $500.00 ,14159
12/10/22, $150.00 ,59405
12/31/19, $100.00 ,60158
12/31/19, $3.25 ,60158
12/31/18," $1,000.00 ",17994
12/27/19," $1,000.00 ",17994
12/31/20," $1,000.00 ",17994
12/10/21," $1,000.00 ",17994
11/19/18," $2,500.00 ",15125
12/30/19," $1,000.00 ",15125
6/10/21," $1,000.00 ",15125
12/18/19," $2,000.00 ",23941
12/7/20," $2,000.00 ",23941
12/14/21," $1,000.00 ",23941
1/27/23, $100.00 ,60957
12/13/17, $25.00 ,4475
8/18/18, $20.00 ,4475
12/5/19, $100.00 ,4475
12/20/17, $100.00 ,11500
12/13/17, $250.00 ,12836
5/21/19, $250.00 ,12836
12/31/20, $250.00 ,12836
9/3/18, $20.00 ,15501
5/2/20, $250.00 ,16761
2/15/18, $450.00 ,13081
8/27/18, $40.00 ,13081
7/8/19, $250.00 ,13081
12/12/17, $150.00 ,13496
9/7/18, $20.00 ,13496
12/31/18," $1,000.00 ",13496
12/31/21," $1,000.00 ",13496
8/16/18, $40.00 ,17156
12/12/17, $150.00 ,13269
11/27/18, $150.00 ,13269
12/17/19, $200.00 ,13269
11/30/21, $150.00 ,13269
1/23/21, $45.75 ,39940
1/13/23, $48.25 ,39940
2/8/23, $10.00 ,61123
12/18/17, $500.00 ,17611
7/8/18, $40.00 ,17611
8/14/18, $40.00 ,17611
12/13/18," $1,000.00 ",17611
10/29/19," $1,030.93 ",17611
12/16/20," $1,000.00 ",17611
12/16/20, $32.52 ,17611
11/12/21," $1,000.00 ",17611
12/18/22," $1,000.00 ",17611
1/23/18, $50.00 ,13526
1/29/19," $2,500.00 ",11443
12/16/20," $3,000.00 ",11443
11/14/17, $150.00 ,15015
11/30/21, $250.00 ,12685
11/30/20, $100.00 ,38154
11/30/20, $3.25 ,38154
12/29/17," $1,000.00 ",44183
8/14/18, $20.00 ,44183
12/26/18," $1,000.00 ",44183
1/2/20," $1,200.00 ",44183
3/3/20, $200.00 ,44183
12/17/20," $1,250.00 ",44183
12/1/21," $1,250.00 ",44183
2/15/23, $750.00 ,44183
11/4/19, $500.00 ,14366
11/27/21," $1,000.00 ",14366
6/21/17," $2,000.00 ",44191
6/18/18," $1,500.00 ",44191
7/22/19, $150.00 ,19868
12/15/21, $350.00 ,19868
9/7/18, $100.00 ,12563
5/15/17," $10,000.00 ",14663
6/5/18," $10,000.00 ",14663
9/3/19," $10,000.00 ",14663
9/4/20," $10,000.00 ",14663
12/15/17," $6,500.00 ",13411
11/20/18," $7,500.00 ",13411
12/31/19," $7,500.00 ",13411
11/17/21," $10,000.00 ",13411
9/3/18, $20.00 ,17168
5/16/20, $50.00 ,30629
8/14/18, $25.00 ,11493
11/18/18," $2,500.00 ",15736
11/29/22, $500.00 ,15736
12/3/20," $5,000.00 ",44220
12/30/17, $100.00 ,16293
11/23/19, $100.00 ,16293
5/24/18," $5,000.00 ",26072
2/17/20, $250.00 ,26072
12/4/19, $25.00 ,12503
11/21/17, $100.00 ,16098
11/3/18, $100.00 ,16098
11/2/21, $150.00 ,16098
11/30/18, $100.00 ,10831
12/30/19, $100.00 ,10831
11/22/17, $100.00 ,16381
11/28/22, $100.00 ,11060
1/6/17, $100.00 ,12102
12/27/17, $100.00 ,12102
2/4/19, $100.00 ,12102
4/22/21, $100.00 ,12102
1/5/23, $100.00 ,60395
6/25/19, $750.00 ,13303
1/15/20, $100.00 ,12636
2/8/23, $97.35 ,12636
12/10/19," $1,000.00 ",11109
12/6/19, $50.00 ,23399
12/12/17," $1,000.00 ",12697
11/29/22," $1,000.00 ",12697
5/15/17, $100.00 ,11689
11/19/18, $100.00 ,11689
12/11/19, $100.00 ,11689
10/21/20, $100.00 ,11689
7/25/22, $100.00 ,11689
1/13/23, $43.25 ,60659
4/21/20, $100.00 ,29078
8/31/18, $40.00 ,19967
10/7/21, $250.00 ,12341
3/18/21, $123.90 ,42642
12/28/21," $2,121.77 ",13495
12/4/18, $500.00 ,14343
12/27/19, $500.00 ,14343
12/30/17, $300.00 ,12342
1/8/19, $500.00 ,12342
1/21/21, $500.00 ,12342
12/19/21, $500.00 ,11695
1/31/18," $2,408.71 ",13303
1/31/18," $4,818.76 ",13303
3/31/23," $18,157.96 ",13303
3/16/17, $150.00 ,11971
4/1/17, $50.00 ,11971
5/1/17, $50.00 ,11971
6/1/17, $50.00 ,11971
7/1/17, $50.00 ,11971
8/1/17, $50.00 ,11971
9/1/17, $50.00 ,11971
10/1/17, $50.00 ,11971
11/1/17, $50.00 ,11971
12/1/17, $50.00 ,11971
1/24/18, $50.00 ,11971
3/1/18, $50.00 ,11971
3/20/18, $50.00 ,11971
4/16/18, $50.00 ,11971
5/16/18, $50.00 ,11971
6/15/18, $50.00 ,11971
7/16/18, $50.00 ,11971
8/14/18, $40.00 ,11971
8/15/18, $50.00 ,11971
9/16/18, $50.00 ,11971
10/15/18, $50.00 ,11971
11/15/18, $50.00 ,11971
12/15/18, $50.00 ,11971
1/15/19, $50.00 ,11971
1/16/19, $50.00 ,11971
2/16/19, $50.00 ,11971
3/16/19, $50.00 ,11971
4/16/19, $50.00 ,11971
5/16/19, $50.00 ,11971
7/15/19, $50.00 ,11971
8/15/19, $50.00 ,11971
8/15/19, $50.00 ,11971
9/15/19, $50.00 ,11971
9/15/19, $50.00 ,11971
12/30/19, $50.00 ,11971
1/10/20, $50.00 ,11971
2/10/20, $50.00 ,11971
10/23/20, $400.00 ,11971
11/16/20, $50.00 ,11971
12/15/20, $50.00 ,11971
1/15/21, $50.00 ,11971
2/15/21, $50.00 ,11971
3/15/21, $50.00 ,11971
4/15/21, $50.00 ,11971
5/15/21, $50.00 ,11971
6/15/21, $50.00 ,11971
7/15/21, $50.00 ,11971
8/15/21, $50.00 ,11971
9/15/21, $50.00 ,11971
10/15/21, $50.00 ,11971
11/15/21, $50.00 ,11971
12/15/21, $50.00 ,11971
1/15/22, $50.00 ,11971
2/15/22, $50.00 ,11971
3/15/22, $50.00 ,11971
4/15/22, $50.00 ,11971
5/15/22, $50.00 ,11971
6/15/22, $50.00 ,11971
7/15/22, $50.00 ,11971
8/15/22, $50.00 ,11971
9/15/22, $50.00 ,11971
10/15/22, $50.00 ,11971
11/15/22, $50.00 ,11971
12/15/22, $50.00 ,11971
1/15/23, $50.00 ,11971
2/15/23, $50.00 ,11971
3/15/23,50,11971
11/30/18, $100.00 ,12699
12/21/19, $100.00 ,12699
12/21/19, $3.25 ,12699
12/26/20, $100.00 ,12699
12/26/20, $3.25 ,12699
12/13/17, $100.00 ,11213
12/11/18, $100.00 ,11213
12/17/19, $100.00 ,11213
12/4/20, $100.00 ,11213
12/7/21, $100.00 ,11213
12/30/22, $100.00 ,11213
12/29/21, $250.00 ,38781
12/31/22, $250.00 ,38781
8/24/17," $1,000.00 ",12681
11/30/18," $1,500.00 ",12681
12/10/19," $1,000.00 ",12681
12/22/20," $1,000.00 ",12681
12/22/20, $32.52 ,12681
12/22/21," $1,000.00 ",12681
6/27/18," $10,000.00 ",12287
5/29/19," $10,000.00 ",12287
5/19/22," $10,000.00 ",12287
7/20/17," $1,000.00 ",13097
12/4/18," $1,000.00 ",13097
12/30/19," $1,000.00 ",13097
12/7/21," $1,000.00 ",13097
10/14/22," $1,000.00 ",13097
7/14/17, $150.00 ,11980
9/7/18, $50.00 ,11980
11/22/19, $250.00 ,11980
10/14/20, $250.00 ,11980
12/31/21, $250.00 ,11980
12/28/17, $100.00 ,11384
11/26/18, $100.00 ,11384
11/13/17, $100.00 ,12155
12/10/19, $50.00 ,23535
9/25/17, $250.00 ,14776
12/11/18, $250.00 ,14776
12/28/19, $250.00 ,14776
12/31/20, $250.00 ,14776
12/14/21, $250.00 ,14776
11/29/22, $250.00 ,14776
5/7/18, $75.00 ,13059
5/23/19, $75.00 ,13059
5/9/17," $1,000.00 ",12687
6/30/17, $100.00 ,12687
5/11/18," $2,000.00 ",12687
5/10/19," $1,000.00 ",12687
10/26/20, $500.00 ,12687
11/16/21," $1,000.00 ",12687
5/21/22," $1,000.00 ",12687
12/9/22," $2,500.00 ",12687
6/4/18, $100.00 ,15064
8/14/18, $20.00 ,15064
12/13/17, $100.00 ,11617
6/10/19, $100.00 ,11617
12/17/19, $100.00 ,11617
12/31/20, $100.00 ,11617
5/17/17, $100.00 ,12447
11/27/18, $100.00 ,12447
12/20/19, $100.00 ,12447
10/21/20, $250.00 ,12447
11/16/21, $250.00 ,12447
12/30/22, $250.00 ,12447
11/16/17, $350.00 ,12036
12/22/18, $500.00 ,12036
12/24/19," $1,000.00 ",12036
12/7/20," $1,000.00 ",12036
11/22/21," $1,000.00 ",12036
12/29/22, $500.00 ,12036
12/28/17, $500.00 ,24285
12/31/18, $500.00 ,24285
12/31/20, $100.00 ,24285
11/30/21, $50.00 ,24285
1/1/23, $50.00 ,24285
11/29/22," $1,000.00 ",9509
2/10/17," $4,992.00 ",1885
11/24/19, $2.06 ,22882
4/2/22, $75.00 ,12832
12/21/22, $75.00 ,12832
12/21/22, $40.00 ,12832
5/11/18, $200.00 ,13113
12/11/19, $500.00 ,13113
12/16/20, $500.00 ,13113
11/16/20," $5,000.00 ",13303
11/15/17," $1,000.00 ",11513
12/27/18," $1,000.00 ",11513
12/11/19," $1,000.00 ",11513
11/30/20," $1,000.00 ",11513
5/6/19, $100.00 ,18489
10/31/20, $250.00 ,18489
10/31/20, $8.13 ,18489
11/29/22, $250.00 ,18489
11/28/17, $250.00 ,6533
12/11/19, $200.00 ,6533
6/3/22, $500.00 ,6533
1/6/21, $250.00 ,14931
1/3/22," $1,000.00 ",14931
1/4/23," $1,000.00 ",14931
12/6/22," $1,000.00 ",13273
5/14/18, $100.00 ,14008
11/30/18, $100.00 ,14008
11/25/19, $100.00 ,14008
2/8/22," $1,000.00 ",50693
12/15/19, $100.00 ,17914
12/15/19, $3.25 ,17914
6/29/21, $20.00 ,43383
5/25/18," $3,000.00 ",14660
12/14/20, $200.00 ,38582
11/29/22, $250.00 ,38582
4/10/18," $3,000.00 ",13760
6/11/19," $1,000.00 ",13760
7/14/20," $1,000.00 ",13760
4/26/22," $1,000.00 ",13760
9/21/19," $1,000.00 ",23978
1/6/20, $100.00 ,24422
12/17/21, $250.00 ,24422
12/30/22, $500.00 ,24422
12/30/22," $5,000.00 ",32745
12/27/21," $1,500.00 ",43336
12/15/22," $1,500.00 ",43336
11/29/22, $40.00 ,59043
5/11/18, $300.00 ,11266
6/13/19, $500.00 ,11266
11/22/19, $100.00 ,11266
6/21/17, $100.00 ,10714
12/10/17, $100.00 ,10714
8/17/18, $40.00 ,10714
9/7/18, $50.00 ,10714
12/27/19, $100.00 ,10714
10/22/20, $100.00 ,10714
12/14/21, $150.00 ,10714
6/20/17, $750.00 ,18787
6/13/18, $750.00 ,18787
5/28/19, $800.00 ,18787
3/18/20, $250.00 ,18787
11/18/20, $800.00 ,18787
11/18/20, $26.02 ,18787
11/29/21," $1,000.00 ",18787
8/27/18, $40.00 ,16038
11/29/18, $100.00 ,12710
12/28/17, $500.00 ,13526
12/12/17," $2,000.00 ",11193
7/8/18, $20.00 ,11193
11/26/18," $2,000.00 ",11193
12/9/19," $1,000.00 ",11193
6/10/21," $1,000.00 ",11193
12/14/21, $500.00 ,11193
11/29/22, $500.00 ,11193
5/17/17, $250.00 ,11565
12/10/18, $500.00 ,11565
10/31/20, $350.00 ,11565
10/31/20, $11.38 ,11565
2/4/22, $350.00 ,11565
12/13/19, $100.00 ,12062
11/25/20, $100.00 ,12062
12/15/21, $400.00 ,12062
12/27/19," $5,000.00 ",35388
12/7/22, $500.00 ,59311
12/30/21, $100.00 ,31322
1/31/22, $100.00 ,31322
9/11/18, $20.00 ,14988
11/14/17, $250.00 ,11407
11/30/18, $250.00 ,11407
11/25/19, $250.00 ,11407
12/17/19, $100.00 ,11407
10/16/20, $250.00 ,11407
12/10/21, $250.00 ,11407
10/10/22, $500.00 ,32052
12/7/18," $1,000.00 ",3872
12/17/19," $1,000.00 ",3872
8/16/18, $20.00 ,16448
11/16/18, $500.00 ,16448
12/10/19, $250.00 ,16448
6/10/21, $250.00 ,16448
12/6/22, $250.00 ,16448
12/21/21, $300.00 ,11996
3/8/17," $2,500.00 ",12143
5/10/18," $2,500.00 ",12143
8/16/18, $40.00 ,12143
11/28/17, $100.00 ,10741
11/19/18, $250.00 ,10741
11/16/21, $250.00 ,10741
11/1/22, $250.00 ,10741
11/28/17, $100.00 ,12692
12/27/19, $500.00 ,12692
12/26/17, $100.00 ,16235
11/26/18, $100.00 ,16235
11/22/19, $100.00 ,16235
11/2/20, $250.00 ,16235
12/17/21, $100.00 ,16235
10/16/20, $100.00 ,15000
12/31/19, $250.00 ,12911
12/31/22, $250.00 ,12911
11/14/18, $250.00 ,12354
11/19/21, $100.00 ,12354
1/29/19," $1,000.00 ",17889
3/2/20," $1,000.00 ",17889
1/13/23," $2,500.00 ",17889
12/29/17, $300.00 ,12445
11/19/18, $100.00 ,12445
1/1/18, $250.00 ,24620
6/14/19, $100.00 ,24620
1/11/20, $250.00 ,24620
1/11/20, $250.00 ,24620
12/31/21, $250.00 ,24620
11/29/21, $200.00 ,22477
8/31/18, $20.00 ,17163
11/14/17, $100.00 ,6565
11/25/18, $100.00 ,6565
12/29/19, $100.00 ,6565
1/27/17, $100.00 ,14710
12/16/19, $100.00 ,13108
12/29/17, $100.00 ,14289
5/6/17, $500.00 ,12001
1/7/19, $500.00 ,12001
2/6/23, $72.00 ,61055
4/5/17," $1,000.00 ",13520
6/21/17, $500.00 ,13520
11/10/17," $2,500.00 ",13388
10/10/19," $2,000.00 ",13388
10/12/21," $5,000.00 ",13388
10/28/22," $5,000.00 ",13388
8/15/18, $20.00 ,15870
2/22/17, $250.00 ,12715
8/12/18, $40.00 ,12715
1/1/19, $300.00 ,12715
1/1/19, $600.00 ,12715
1/27/20," $1,000.00 ",12715
2/2/21," $1,000.00 ",12715
2/2/21," $1,000.00 ",12715
1/31/22," $1,000.00 ",12715
1/31/22," $1,000.00 ",12715
1/27/23," $1,000.00 ",12715
1/27/23," $1,000.00 ",12715
8/28/18, $20.00 ,14084
11/30/17, $500.00 ,12265
6/30/17, $200.00 ,11842
5/17/18, $250.00 ,11842
11/19/18, $250.00 ,11842
12/17/19, $200.00 ,11842
10/26/20, $100.00 ,11842
11/9/21, $500.00 ,11842
11/20/19, $100.00 ,22772
5/16/22, $100.00 ,22772
12/20/19, $100.00 ,19214
12/23/20," $1,000.00 ",28880
12/23/20, $32.52 ,28880
12/27/17," $32,988.84 ",13145
11/16/18," $24,000.00 ",13145
11/7/19," $17,000.00 ",13145
12/14/20," $15,000.00 ",13145
12/21/21," $25,000.00 ",13145
12/5/22," $20,000.00 ",13145
12/28/17, $100.00 ,10994
12/31/18, $100.00 ,10994
1/6/20, $100.00 ,10994
12/30/20, $100.00 ,10994
12/24/21, $100.00 ,10994
12/30/22, $500.00 ,10994
1/13/23, $23.97 ,60660
10/4/17," $5,000.00 ",10645
11/26/18," $5,000.00 ",10645
10/10/19," $5,000.00 ",10645
11/24/20," $5,000.00 ",10645
10/13/21," $10,000.00 ",10645
10/25/22," $10,000.00 ",10645
12/30/21," $1,000.00 ",43380
1/21/23," $1,000.00 ",43380
12/15/17, $500.00 ,37130
8/14/18, $20.00 ,37130
12/21/18, $500.00 ,37130
11/20/19, $500.00 ,37130
10/22/20, $500.00 ,37130
12/4/17," $1,000.00 ",13015
6/27/18," $1,000.00 ",13015
12/3/18, $500.00 ,13015
12/3/19, $250.00 ,13015
6/13/17, $500.00 ,12731
11/19/18, $500.00 ,12731
11/25/19, $250.00 ,12731
6/24/19, $250.00 ,11403
12/17/19, $250.00 ,5773
11/30/20, $250.00 ,5773
12/3/21, $500.00 ,5773
1/13/23, $250.00 ,5773
12/26/17, $250.00 ,2933
11/30/18, $250.00 ,2933
12/20/19, $250.00 ,2933
12/17/20, $250.00 ,2933
10/4/17," $2,500.00 ",15744
12/23/18," $1,030.00 ",15744
12/22/19, $32.52 ,15744
12/22/19," $1,000.00 ",15744
12/9/20," $1,000.00 ",15744
12/9/20, $32.52 ,15744
12/22/21," $1,000.00 ",15744
12/21/22," $1,000.00 ",15744
2/4/20," $20,000.00 ",13380
3/22/23,35000,13380
10/20/17, $500.00 ,12792
7/8/18, $20.00 ,12792
10/3/18, $500.00 ,12792
10/16/19, $500.00 ,12792
10/7/20, $500.00 ,12792
10/8/21, $500.00 ,12792
10/4/22, $500.00 ,12792
11/29/22, $500.00 ,12792
2/22/17," $5,885.80 ",1101
3/14/18," $5,867.00 ",1101
3/8/19," $5,923.20 ",1101
3/18/20," $5,937.98 ",1101
4/28/21," $5,841.29 ",1101
5/25/22," $6,104.00 ",1101
3/22/23," $6,064.00 ",13303
6/30/22, $1.06 ,13303
5/17/20, $100.00 ,30728
5/17/20, $3.25 ,30728
10/13/17, $100.00 ,1406
12/5/19, $250.00 ,13089
11/25/17, $100.00 ,38022
4/16/18, $250.00 ,38022
11/17/18, $250.00 ,38022
4/3/19, $460.00 ,38022
5/19/20, $500.00 ,38022
11/26/20, $100.00 ,38022
11/4/22," $5,000.00 ",57227
12/31/17, $100.00 ,14359
12/28/18, $100.00 ,14359
12/20/19, $250.00 ,14359
12/7/20, $250.00 ,14359
12/7/20, $8.13 ,14359
12/23/21, $250.00 ,14359
11/29/22, $250.00 ,14359
6/16/17, $250.00 ,12982
12/27/18, $250.00 ,12982
12/27/19, $250.00 ,12982
12/21/20, $250.00 ,12982
12/14/21, $250.00 ,12982
12/6/22, $250.00 ,12982
12/12/17, $500.00 ,12906
8/31/18, $40.00 ,17165
9/30/17, $250.00 ,10885
9/5/18, $250.00 ,10885
12/12/19, $331.12 ,10885
11/23/19, $103.09 ,22905
5/30/18, $250.00 ,15279
11/26/18, $250.00 ,15279
11/22/19, $100.00 ,15279
12/1/20, $100.00 ,15279
11/27/21, $500.00 ,15279
11/21/17," $5,000.00 ",13550
6/29/19," $5,000.00 ",13550
6/21/17," $1,000.00 ",11509
5/14/18," $1,000.00 ",11509
8/30/18, $40.00 ,11509
6/12/19," $1,000.00 ",11509
5/29/20, $500.00 ,11509
6/26/21," $1,000.00 ",11509
6/15/22," $1,000.00 ",11509
12/28/17," $1,000.00 ",13140
12/16/20," $1,500.00 ",13140
12/14/21, $500.00 ,13140
11/15/17, $100.00 ,10454
11/22/19, $100.00 ,10454
11/22/21, $250.00 ,10454
7/25/20, $250.00 ,36923
7/25/20, $8.13 ,36923
12/20/17, $200.00 ,11731
12/20/18, $300.00 ,11731
12/27/19, $300.00 ,11731
12/23/20, $200.00 ,11731
11/12/19, $500.00 ,14278
9/13/22, $500.00 ,14278
12/29/20, $500.00 ,11233
12/29/20, $16.26 ,11233
12/6/22," $1,000.00 ",11233
12/27/19, $50.00 ,15001
10/21/20, $100.00 ,15001
1/9/17, $100.00 ,12107
5/14/18, $100.00 ,12107
12/31/18, $100.00 ,12107
11/18/19, $250.00 ,12107
4/15/21, $150.00 ,12107
6/8/22, $150.00 ,12107
12/9/19, $100.00 ,23499
12/25/20, $100.00 ,23499
8/20/18, $250.00 ,11148
1/27/17," $2,500.00 ",13063
12/28/17," $2,500.00 ",13063
12/31/18," $5,000.00 ",13063
1/15/19," $2,500.00 ",13063
1/15/20," $2,500.00 ",13063
2/3/21," $2,500.00 ",13063
3/25/22," $2,500.00 ",13063
2/8/23," $2,500.00 ",13063
2/17/17, $50.00 ,12193
2/21/18, $50.00 ,12193
2/20/19, $50.00 ,12193
1/27/20, $100.00 ,12193
2/21/20, $50.00 ,12193
2/19/21, $50.00 ,12193
2/22/22, $50.00 ,12193
6/5/18, $100.00 ,15949
8/27/18, $20.00 ,17162
1/27/17, $500.00 ,11508
12/26/17," $1,000.00 ",11508
11/30/20, $500.00 ,11508
5/2/20, $200.00 ,11048
5/2/20, $6.50 ,11048
11/27/18," $10,000.00 ",12348
12/16/19," $10,000.00 ",12348
8/24/20," $10,000.00 ",12348
4/1/20, $800.00 ,6347
12/31/18, $500.00 ,15886
11/19/22, $100.00 ,58614
5/9/18, $75.00 ,15272
11/26/18, $75.00 ,15272
11/18/19, $75.00 ,15272
10/22/20, $35.00 ,15272
5/27/22, $75.00 ,15272
12/20/18, $100.00 ,48746
12/27/19," $5,000.00 ",13042
10/7/20," $5,000.00 ",13042
12/21/22," $5,000.00 ",13042
3/20/18," $5,000.00 ",16490
12/21/21," $5,000.00 ",16490
12/17/19," $2,500.00 ",23878
12/31/17, $250.00 ,17002
7/8/18, $20.00 ,17002
12/21/20, $250.00 ,17002
11/5/21, $500.00 ,17002
12/28/17, $700.00 ,11767
3/12/19," $1,000.00 ",11767
12/10/19," $1,000.00 ",11767
5/16/20, $100.00 ,30669
5/16/20, $3.25 ,30669
11/29/22, $250.00 ,11839
6/30/17, $100.00 ,15732
12/4/18, $500.00 ,15732
6/10/21," $1,000.00 ",15732
12/21/22," $1,000.00 ",15732
1/8/17, $500.00 ,12837
10/4/17, $500.00 ,12837
8/20/18, $40.00 ,12837
11/16/18, $500.00 ,12837
3/11/19, $500.00 ,12837
6/25/19, $30.51 ,12837
10/29/19, $10.00 ,12837
11/19/19, $10.00 ,12837
11/20/19, $10.00 ,12837
12/6/19," $1,000.00 ",12837
12/16/20," $1,500.00 ",12837
12/22/21," $1,500.00 ",12837
12/23/22," $1,500.00 ",12837
12/17/21, $250.00 ,48913
10/26/20, $100.00 ,17577
11/27/21, $100.00 ,17577
11/22/19, $1.00 ,22879
1/27/17," $50,000.00 ",13576
6/19/18," $50,000.00 ",13576
5/16/19," $50,000.00 ",13576
4/7/20," $50,000.00 ",13576
2/10/17," $1,500.00 ",13288
5/24/18," $32,750.00 ",13288
10/6/20," $5,000.00 ",13288
12/8/21," $2,500.00 ",30266
5/9/17," $10,000.00 ",13272
6/14/18," $10,000.00 ",13272
8/8/19," $10,000.00 ",13272
7/21/20," $10,000.00 ",13272
8/18/21," $10,000.00 ",13272
7/1/22," $10,000.00 ",13272
12/21/22," $10,000.00 ",39440
5/3/18, $350.00 ,14038
7/30/20," $1,000.00 ",14038
11/5/20," $1,000.00 ",37461
12/13/20," $1,000.00 ",38550
6/30/18," $10,000.00 ",13693
5/20/19," $3,509.00 ",13693
6/26/20," $4,112.00 ",13693
5/25/21," $5,036.00 ",13693
6/21/22," $4,733.00 ",13693
12/26/19," $1,000.00 ",8336
12/26/19, $32.52 ,8336
11/9/21," $1,000.00 ",8336
12/21/22, $500.00 ,8336
12/20/17, $50.00 ,16252
12/31/18, $100.00 ,16252
12/31/18, $50.00 ,16252
12/31/18, $100.00 ,16252
8/28/19, $50.00 ,16252
9/25/19, $100.00 ,16252
2/2/21, $50.00 ,16252
2/2/21, $50.00 ,16252
4/27/21, $50.00 ,16252
4/27/21, $100.00 ,16252
1/27/23, $50.00 ,16252
1/27/23, $50.00 ,16252
4/30/20, $125.68 ,13303
12/29/17, $25.00 ,12192
5/26/20, $50.00 ,12192
6/22/21, $50.00 ,12192
12/30/22, $50.00 ,12192
11/13/21, $500.00 ,60098
12/28/22, $500.00 ,60098
5/15/17, $250.00 ,12578
12/11/19, $500.00 ,12578
11/2/20, $250.00 ,12578
7/15/22," $5,000.00 ",2618
11/22/17, $100.00 ,14015
11/27/18, $100.00 ,14015
12/11/17, $200.00 ,23798
12/16/19, $500.00 ,23798
12/16/20, $400.00 ,23798
12/17/21, $500.00 ,23798
10/7/22, $500.00 ,23798
1/4/22," $10,000.00 ",17426
12/29/17," $2,500.00 ",11587
12/31/18," $2,500.00 ",11587
4/29/20," $2,500.00 ",11587
10/19/21," $2,500.00 ",11587
3/17/17," $1,500.00 ",15451
9/29/20, $150.00 ,36928
3/14/18," $1,000.00 ",13826
6/12/19," $1,250.00 ",13826
2/3/20," $1,250.00 ",13826
1/21/21," $1,500.00 ",13826
1/28/22," $1,500.00 ",13826
8/28/18, $40.00 ,12986
11/19/18, $250.00 ,3897
1/27/17, $250.00 ,2266
12/31/17, $500.00 ,11982
8/15/18, $40.00 ,11982
12/31/18, $600.00 ,11982
12/30/19, $500.00 ,11982
12/28/21, $500.00 ,11982
12/13/22, $100.00 ,11982
12/30/22, $500.00 ,11982
1/21/21, $288.62 ,11104
4/5/17, $250.00 ,11252
4/9/18, $250.00 ,11252
3/5/19, $250.00 ,11252
7/7/19, $50.00 ,19505
6/4/19, $100.00 ,18918
10/20/17, $200.00 ,10593
11/14/18, $200.00 ,10593
11/5/19, $200.00 ,10593
4/25/21, $200.00 ,10593
12/7/21, $200.00 ,10593
2/10/17, $100.00 ,12880
1/5/18," $10,000.00 ",12266
1/7/19," $10,000.00 ",12266
1/6/20," $10,000.00 ",12266
1/2/21," $15,000.00 ",12266
1/3/22," $10,000.00 ",12266
1/2/23," $10,000.00 ",12266
12/28/17, $100.00 ,39089
12/31/18, $100.00 ,39089
12/26/21, $100.00 ,39089
12/30/22, $300.00 ,39089
8/14/20," $2,500.00 ",17326
10/14/20," $5,000.00 ",17326
9/7/21," $2,500.00 ",17326
8/9/22," $2,500.00 ",17326
11/19/18, $100.00 ,12455
2/16/18," $2,500.00 ",13248
2/16/18," $2,500.00 ",13248
6/18/19," $4,600.00 ",13248
6/8/20," $5,000.00 ",13248
12/13/22," $2,500.00 ",13248
1/29/20, $400.00 ,18818
11/30/17, $250.00 ,14716
11/30/18, $250.00 ,14716
12/13/19, $300.00 ,14716
12/3/21, $200.00 ,14716
12/2/22, $200.00 ,14716
1/15/22, $820.00 ,49868
6/21/17," $1,000.00 ",11236
6/21/17, $100.00 ,8314
6/15/18, $100.00 ,8314
12/10/19, $100.00 ,8314
12/17/19, $100.00 ,60608
12/17/19, $3.25 ,60608
2/14/18, $450.00 ,13246
4/3/19," $2,050.00 ",13246
12/31/21," $2,500.00 ",13246
11/13/17," $1,500.00 ",16142
11/28/17, $500.00 ,16142
3/2/20, $515.46 ,16142
11/29/18, $200.00 ,11361